close,high,low,open,timestamp,volume
1208.0,1210.0,1206.9,1209.2,1668848400,177.19309009
1207.9,1209.2,1206.3,1207.8,1668852000,240.96118827
1209.6,1209.6,1206.6,1208.0,1668855600,97.25811381
1207.5,1210.7,1207.0,1210.1,1668859200,170.25290512
1206.9,1208.5,1205.5,1207.3,1668862800,171.39104364
1206.7,1208.1,1205.7,1206.8,1668866400,223.56324681
1208.9,1209.7,1206.7,1206.7,1668870000,480.99600415
1208.7,1210.3,1207.1,1208.7,1668873600,36.60048681
1206.8,1209.5,1206.0,1209.5,1668877200,123.90710500
1206.9,1209.2,1206.1,1206.9,1668880800,50.57395585
1207.4,1209.0,1206.7,1206.9,1668884400,73.48192446
1208.1,1209.6,1207.8,1207.8,1668888000,58.11464116
1210.5,1210.6,1207.8,1208.0,1668891600,66.15459038
1223.3,1231.5,1210.7,1210.7,1668895200,598.51720322
1216.8,1226.0,1216.0,1224.0,1668898800,299.19895570
1221.4,1221.8,1215.8,1216.4,1668902400,44.91229255
1217.2,1224.1,1216.7,1221.1,1668906000,144.32702056
1218.0,1220.0,1216.7,1217.3,1668909600,44.63334967
1217.6,1218.4,1214.7,1218.0,1668913200,71.67307051
1218.2,1219.5,1217.3,1217.6,1668916800,93.63700711
1218.3,1218.7,1216.8,1218.2,1668920400,44.85701060
1218.5,1219.2,1216.7,1217.9,1668924000,37.13058937
1219.1,1221.5,1216.7,1218.9,1668927600,77.62172216
1207.3,1219.4,1204.0,1219.4,1668931200,136.41258820
1206.5,1209.5,1205.9,1206.0,1668934800,22.02374036
1194.8,1206.7,1190.0,1205.9,1668938400,434.56590004
1166.1,1195.2,1157.0,1194.0,1668942000,1098.53715333
1165.7,1171.2,1153.0,1165.1,1668945600,512.15955291
1175.1,1176.2,1164.7,1165.4,1668949200,567.74361655
1171.0,1178.8,1169.8,1174.6,1668952800,611.57086783
1176.2,1177.4,1170.8,1170.8,1668956400,126.74709919
1174.2,1177.9,1168.4,1175.8,1668960000,484.14884680
1171.5,1176.5,1170.7,1173.4,1668963600,446.78940929
1177.5,1177.5,1170.5,1170.5,1668967200,259.98261196
1184.7,1186.7,1173.9,1176.2,1668970800,212.10565823
1175.4,1185.3,1170.7,1183.6,1668974400,561.88957212
1140.6,1175.5,1133.0,1175.4,1668978000,964.16364882
1141.4,1153.2,1134.8,1139.9,1668981600,469.09668260
1141.4,1145.3,1129.2,1142.4,1668985200,415.94170160
1138.5,1142.5,1122.1,1140.8,1668988800,178.31259559
1129.7,1141.5,1127.2,1137.9,1668992400,114.85623625
1120.7,1130.3,1109.2,1127.9,1668996000,844.84265607
1123.8,1125.3,1109.0,1121.3,1668999600,710.48315631
1127.8,1137.5,1123.5,1124.0,1669003200,162.63208972
1134.5,1135.1,1126.9,1127.6,1669006800,167.66534104
1126.0,1136.7,1126.0,1133.4,1669010400,428.80198573
1121.1,1130.7,1115.3,1126.3,1669014000,696.30295883
1118.6,1126.5,1115.3,1121.1,1669017600,828.00762382
1119.4,1125.5,1105.0,1118.8,1669021200,1316.65123563
1127.1,1127.2,1112.6,1119.3,1669024800,2471.28521640
1123.0,1129.5,1121.2,1128.2,1669028400,457.03309281
1124.2,1125.5,1113.6,1123.0,1669032000,3949.50098710
1134.2,1145.0,1123.7,1125.0,1669035600,1321.47175692
1134.1,1141.8,1131.8,1133.7,1669039200,1880.34449784
1130.1,1139.0,1128.3,1133.4,1669042800,2656.77290484
1115.7,1132.1,1100.0,1128.9,1669046400,2008.79103807
1105.1,1118.3,1102.5,1115.3,1669050000,1581.71724462
1099.3,1107.9,1090.7,1105.8,1669053600,2391.34804045
1090.0,1105.1,1079.7,1098.5,1669057200,1427.63615792
1103.9,1111.9,1088.7,1090.0,1669060800,696.99307448
1092.4,1106.9,1081.5,1103.6,1669064400,691.51389677
1106.6,1118.7,1092.8,1093.0,1669068000,260.99038180
1105.6,1114.9,1105.6,1106.7,1669071600,248.43998442
1104.3,1113.7,1100.0,1105.4,1669075200,122.56728158
1100.7,1107.4,1098.0,1105.4,1669078800,131.57462516
1107.1,1108.2,1095.0,1099.5,1669082400,187.00040321
1102.1,1109.4,1100.5,1107.0,1669086000,101.70122580
1100.3,1104.8,1098.7,1102.8,1669089600,109.82161965
1097.2,1103.1,1096.4,1100.1,1669093200,403.60324510
1083.2,1097.1,1083.2,1097.1,1669096800,449.24356889
1091.7,1092.6,1078.9,1083.7,1669100400,666.92784155
1085.9,1093.4,1074.4,1091.8,1669104000,949.41293896
1080.4,1090.9,1078.1,1086.6,1669107600,544.69491980
1090.5,1092.2,1076.1,1080.2,1669111200,607.62241182
1083.6,1091.5,1080.8,1090.8,1669114800,487.94205004
1096.8,1100.0,1077.9,1084.3,1669118400,585.37031600
1130.7,1132.6,1096.1,1097.3,1669122000,981.18965475
1120.0,1140.0,1118.1,1131.6,1669125600,485.01483079
1133.0,1141.4,1120.8,1121.1,1669129200,1292.82261034
1125.7,1139.3,1125.0,1133.3,1669132800,559.04979245
1114.8,1127.2,1113.3,1125.6,1669136400,544.10566272
1124.9,1125.8,1114.0,1116.9,1669140000,369.34749931
1125.5,1135.5,1122.3,1124.6,1669143600,489.65638904
1126.9,1130.8,1124.7,1125.5,1669147200,327.09137938
1130.2,1130.2,1121.9,1126.6,1669150800,203.41323375
1137.1,1138.1,1125.4,1128.7,1669154400,136.72668265
1138.2,1140.0,1132.9,1137.2,1669158000,76.70312995
1134.3,1145.4,1132.7,1138.9,1669161600,231.76446917
1130.2,1135.2,1127.2,1133.6,1669165200,145.37416366
1160.2,1163.9,1130.1,1130.4,1669168800,410.82692708
1168.2,1168.2,1157.1,1161.7,1669172400,318.04343890
1162.1,1169.0,1160.4,1168.9,1669176000,148.74226597
1156.8,1167.1,1156.4,1162.2,1669179600,1587.62864217
1160.3,1162.1,1156.0,1156.9,1669183200,358.28440689
1165.3,1166.5,1156.8,1160.8,1669186800,332.70482913
1163.2,1171.8,1159.8,1167.2,1669190400,234.35186193
1166.3,1168.6,1162.0,1162.3,1669194000,461.00449222
1171.7,1175.8,1160.7,1164.9,1669197600,433.19601458
1173.9,1176.2,1168.8,1172.5,1669201200,350.98156678
1163.6,1175.9,1163.6,1174.7,1669204800,198.26623401
1157.2,1167.8,1155.6,1164.2,1669208400,357.99183394
1164.5,1166.4,1154.8,1156.8,1669212000,187.35005504
1159.6,1170.0,1158.3,1164.5,1669215600,610.63688386
1149.7,1161.7,1147.8,1160.0,1669219200,1900.65844885
1151.1,1152.3,1147.3,1149.6,1669222800,2523.78172058
1168.0,1172.0,1150.3,1150.9,1669226400,941.54132578
1167.8,1183.9,1161.7,1168.0,1669230000,989.05698468
1173.6,1173.6,1161.4,1167.3,1669233600,425.06830720
1168.3,1175.5,1168.2,1173.7,1669237200,438.16058666
1173.1,1173.6,1167.2,1168.0,1669240800,462.90307184
1183.2,1188.5,1172.6,1173.0,1669244400,344.65044680
1180.8,1187.7,1179.5,1183.0,1669248000,230.18489008
1201.5,1205.7,1180.3,1181.5,1669251600,692.29801282
1198.5,1208.0,1197.9,1201.1,1669255200,497.55504449
1201.1,1204.6,1196.0,1198.8,1669258800,320.02960828
1202.5,1204.3,1198.6,1200.6,1669262400,167.94990942
1199.6,1203.8,1198.8,1202.6,1669266000,97.55006866
1213.9,1214.4,1197.9,1199.8,1669269600,218.79715657
1205.6,1215.5,1205.2,1212.2,1669273200,344.69850261
1198.8,1206.7,1193.7,1205.5,1669276800,289.11133273
1200.0,1201.7,1195.9,1198.6,1669280400,291.48472555
1195.2,1202.6,1190.9,1200.7,1669284000,311.53950378
1194.8,1195.8,1192.0,1195.8,1669287600,262.27604709
1193.6,1200.3,1192.3,1195.2,1669291200,103.25595755
1199.0,1202.1,1193.1,1194.2,1669294800,157.02637836
1193.8,1198.7,1186.6,1198.7,1669298400,143.28514214
1194.4,1196.6,1190.1,1193.5,1669302000,74.27016152
1200.2,1206.4,1192.5,1194.4,1669305600,564.70980693
1200.1,1206.9,1197.6,1200.7,1669309200,574.77266625
1203.4,1204.1,1198.0,1199.7,1669312800,200.21126869
1202.3,1205.4,1200.4,1204.6,1669316400,197.48887431
1196.9,1204.2,1195.3,1202.4,1669320000,232.87687165
1195.8,1198.6,1193.0,1196.8,1669323600,144.19719105
1202.4,1203.9,1195.6,1195.6,1669327200,243.73612108
1203.2,1205.1,1199.3,1202.8,1669330800,342.77013380
1193.7,1203.6,1191.2,1202.8,1669334400,192.95609633
1192.2,1196.2,1191.7,1193.7,1669338000,119.77146061
1186.7,1191.0,1178.1,1191.0,1669341600,319.92684170
1185.6,1188.4,1185.1,1186.3,1669345200,223.64878782
1174.5,1187.0,1170.8,1185.4,1669348800,394.85117656
1172.6,1176.2,1172.4,1174.5,1669352400,219.46559710
1181.3,1182.1,1171.9,1171.9,1669356000,283.46936949
1184.6,1185.9,1179.2,1181.2,1669359600,128.44072281
1180.4,1186.2,1178.8,1184.4,1669363200,277.81636921
1178.4,1183.6,1176.8,1180.2,1669366800,287.36479237
1184.2,1187.0,1175.9,1178.9,1669370400,122.89855514
1192.8,1197.4,1184.1,1184.1,1669374000,324.43161044
1190.3,1198.1,1190.3,1193.1,1669377600,259.07499874
1189.2,1191.6,1186.5,1190.3,1669381200,127.46732357
1191.9,1192.3,1180.8,1188.8,1669384800,176.89186016
1188.9,1194.0,1185.6,1192.5,1669388400,286.81998264
1187.0,1189.1,1182.2,1188.7,1669392000,264.94414354
1191.0,1192.5,1185.8,1186.3,1669395600,291.62493273
1190.4,1193.2,1188.4,1190.5,1669399200,125.84325482
1196.1,1198.1,1190.2,1190.5,1669402800,221.29636023
1199.1,1207.3,1195.5,1196.4,1669406400,388.46188386
1199.0,1201.5,1198.0,1199.8,1669410000,467.99764804
1198.2,1201.0,1195.6,1198.7,1669413600,267.43257387
1198.2,1202.6,1195.9,1198.3,1669417200,303.32089911
1205.7,1208.5,1196.3,1198.9,1669420800,294.08865926
1218.0,1227.1,1206.1,1206.6,1669424400,469.03912869
1217.5,1223.9,1216.5,1219.2,1669428000,263.60636054
1214.6,1218.2,1213.8,1217.8,1669431600,109.73390845
1222.4,1225.2,1213.4,1215.2,1669435200,239.63086899
1219.9,1224.0,1219.9,1222.5,1669438800,153.78176326
1215.8,1219.7,1214.8,1219.6,1669442400,111.30917646
1218.5,1219.8,1212.7,1216.2,1669446000,179.89929880
1216.0,1220.3,1215.2,1218.2,1669449600,5352.47155239
1220.0,1222.3,1216.0,1216.0,1669453200,119.42644283
1219.5,1224.6,1219.0,1220.3,1669456800,157.69145418
1221.3,1223.3,1218.0,1220.2,1669460400,150.55007688
1218.6,1221.5,1217.2,1221.0,1669464000,64.00284537
1219.8,1221.6,1218.4,1218.7,1669467600,104.85060578
1214.5,1234.0,1209.9,1220.1,1669471200,696.83349684
1210.5,1215.0,1206.1,1213.7,1669474800,309.70229114
1209.1,1212.9,1208.6,1210.6,1669478400,254.75779302
1212.4,1213.9,1207.7,1208.8,1669482000,151.49642493
1207.2,1213.1,1206.6,1212.2,1669485600,128.25723542
1206.8,1207.6,1202.1,1206.6,1669489200,104.38665461
1207.5,1208.0,1206.6,1206.7,1669492800,26.03133078
1209.7,1212.0,1208.1,1208.1,1669496400,187.34393761
1201.1,1209.7,1196.4,1209.4,1669500000,231.50355759
1204.9,1207.1,1199.4,1200.6,1669503600,208.59517060
1205.6,1207.7,1204.4,1205.2,1669507200,160.35131995
1211.2,1212.6,1205.9,1205.9,1669510800,41.32133041
1215.0,1215.2,1211.4,1211.4,1669514400,50.88946488
1216.0,1217.5,1213.5,1214.9,1669518000,78.64397174
1218.5,1222.8,1214.9,1216.0,1669521600,140.14381506
1216.4,1220.8,1215.3,1218.2,1669525200,75.42833366
1216.1,1221.4,1216.1,1216.3,1669528800,118.42946014
1217.0,1218.4,1216.4,1216.4,1669532400,6.98614522
1211.2,1219.9,1210.3,1217.0,1669536000,142.12376327
1210.0,1212.6,1209.4,1211.0,1669539600,33.51595739
1212.5,1219.8,1209.6,1210.4,1669543200,154.39242832
1214.2,1216.0,1211.1,1212.3,1669546800,57.56753979
1213.8,1217.7,1213.0,1215.0,1669550400,42.00268115
1211.5,1214.4,1210.7,1214.0,1669554000,78.16516987
1212.3,1214.8,1210.2,1212.2,1669557600,112.45037038
1216.9,1218.0,1207.2,1212.4,1669561200,177.48560549
1213.0,1218.9,1213.0,1217.2,1669564800,148.96384895
1214.1,1215.4,1211.9,1212.8,1669568400,82.59597785
1216.8,1217.7,1214.8,1214.8,1669572000,368.44571138
1212.4,1217.2,1210.9,1217.2,1669575600,322.78893564
1213.3,1213.8,1211.5,1212.4,1669579200,34.88650423
1215.2,1217.9,1212.7,1212.9,1669582800,259.01718162
1215.1,1216.6,1213.9,1214.9,1669586400,65.21644054
1193.1,1214.6,1188.5,1214.6,1669590000,623.12576732
1194.4,1199.0,1192.5,1193.0,1669593600,204.80542897
1163.2,1196.0,1161.1,1196.0,1669597200,444.72793672
1163.0,1169.4,1158.2,1161.7,1669600800,227.19459112
1171.9,1172.7,1164.2,1164.8,1669604400,112.32488052
1174.1,1177.3,1170.8,1171.7,1669608000,156.01117502
1167.0,1174.3,1166.2,1173.3,1669611600,159.69852843
1173.4,1173.7,1167.0,1167.6,1669615200,77.95709864
1173.5,1174.3,1170.5,1174.1,1669618800,43.56063119
1173.4,1174.8,1170.4,1172.5,1669622400,118.30205567
1170.5,1175.5,1169.0,1175.5,1669626000,162.48146125
1167.0,1170.4,1162.0,1170.1,1669629600,154.27342002
1168.7,1172.2,1167.0,1167.0,1669633200,605.03499112
1169.2,1172.2,1168.0,1168.7,1669636800,489.22901909
1170.0,1171.3,1166.5,1169.5,1669640400,135.68973869
1166.3,1180.7,1163.6,1170.4,1669644000,288.56913463
1162.2,1168.1,1154.0,1164.8,1669647600,1387.28936103
1174.9,1181.2,1149.4,1162.2,1669651200,4131.03785222
1172.2,1182.9,1171.4,1175.0,1669654800,1229.93400312
1167.9,1174.1,1167.9,1172.6,1669658400,534.94504944
1170.9,1172.9,1165.9,1168.5,1669662000,367.60122159
1174.3,1174.8,1169.4,1170.8,1669665600,790.81124686
1172.8,1173.4,1169.2,1173.3,1669669200,72.75793033
1170.3,1172.9,1170.0,1172.7,1669672800,307.96520088
1167.6,1171.0,1167.6,1170.2,1669676400,106.26408967
1167.0,1169.4,1157.2,1167.2,1669680000,122.81973877
1175.8,1180.8,1164.8,1167.0,1669683600,272.59959331
1181.8,1188.2,1176.0,1176.0,1669687200,183.36837305
1183.3,1186.0,1181.4,1182.4,1669690800,365.31569456
1197.0,1202.0,1183.1,1183.7,1669694400,571.21755841
1207.4,1213.4,1198.3,1198.3,1669698000,235.37396556
1203.0,1210.5,1202.7,1208.1,1669701600,162.93554744
1205.6,1212.1,1203.5,1203.5,1669705200,204.91263282
1214.5,1221.8,1204.4,1206.5,1669708800,577.69264268
1217.4,1218.6,1211.1,1214.4,1669712400,412.17998820
1214.8,1218.7,1213.2,1217.9,1669716000,200.83321324
1217.7,1221.6,1213.9,1214.6,1669719600,252.17248566
1215.3,1218.7,1214.5,1216.9,1669723200,344.86470122
1208.8,1216.0,1206.0,1215.5,1669726800,309.51619969
1205.8,1214.7,1203.2,1208.7,1669730400,227.18127462
1208.3,1215.9,1202.8,1205.8,1669734000,221.20591409
1208.6,1212.4,1202.4,1208.9,1669737600,151.64091591
1208.4,1210.9,1205.3,1208.3,1669741200,163.91558745
1215.4,1215.6,1206.6,1208.0,1669744800,208.32704745
1215.1,1220.4,1214.2,1214.6,1669748400,1460.69788498
1222.1,1225.7,1215.6,1215.6,1669752000,2107.10354886
1219.2,1224.5,1218.7,1222.2,1669755600,528.84066387
1222.4,1223.6,1216.7,1219.2,1669759200,1166.97009900
1215.7,1226.2,1215.3,1222.3,1669762800,2688.40130872
1273.9,1281.2,1212.2,1215.6,1669766400,1173.84068647
1272.5,1279.5,1266.1,1273.9,1669770000,1268.96712965
1270.0,1281.4,1269.2,1272.2,1669773600,1582.26936346
1264.2,1272.3,1263.8,1270.3,1669777200,588.37893719
1269.2,1269.5,1264.3,1264.3,1669780800,335.29295346
1270.7,1273.9,1267.4,1269.0,1669784400,309.03796070
1269.0,1270.9,1266.6,1270.9,1669788000,660.53752284
1272.8,1274.0,1268.9,1268.9,1669791600,1986.55872911
1268.0,1276.9,1266.2,1272.5,1669795200,1800.04553423
1265.9,1268.5,1261.5,1267.9,1669798800,272.23264266
1264.8,1267.4,1264.8,1266.1,1669802400,221.61803411
1266.5,1267.8,1264.8,1264.9,1669806000,411.62710362
1259.1,1268.2,1254.6,1266.7,1669809600,3102.42740097
1262.6,1271.6,1257.9,1257.9,1669813200,365.15551670
1267.2,1268.4,1262.4,1262.6,1669816800,213.00487962
1267.7,1267.8,1263.3,1266.1,1669820400,221.53235957
1273.1,1279.0,1264.8,1267.5,1669824000,448.18284756
1266.2,1274.6,1261.1,1274.6,1669827600,299.75906847
1279.1,1285.0,1258.7,1266.0,1669831200,689.36768501
1287.2,1301.7,1279.5,1279.8,1669834800,6116.98080694
1294.9,1294.9,1285.0,1287.9,1669838400,346.75124262
1296.7,1298.0,1287.9,1296.3,1669842000,559.41031806
1300.1,1310.0,1293.3,1297.1,1669845600,270.84399327
1295.1,1305.5,1293.7,1299.0,1669849200,327.22330184
1289.8,1295.9,1286.4,1294.7,1669852800,995.35246420
1285.8,1290.4,1283.3,1289.7,1669856400,1074.73003599
1286.7,1289.1,1281.9,1285.9,1669860000,434.39390885
1288.0,1290.6,1286.4,1286.6,1669863600,365.77783417
1283.7,1289.4,1282.8,1288.1,1669867200,414.14731335
1282.8,1286.7,1277.9,1284.3,1669870800,232.60283047
1284.1,1285.8,1282.3,1282.5,1669874400,229.61853162
1279.1,1284.6,1279.1,1284.4,1669878000,104.54118135
1283.9,1285.5,1277.8,1279.2,1669881600,229.55686591
1283.8,1284.2,1278.1,1283.9,1669885200,168.96924088
1280.5,1285.1,1280.3,1283.3,1669888800,177.36499274
1283.0,1283.0,1277.7,1280.5,1669892400,155.81228462
1288.6,1290.7,1283.6,1283.9,1669896000,420.76367748
1278.9,1295.0,1269.1,1288.0,1669899600,846.51575766
1280.3,1283.1,1271.1,1278.9,1669903200,331.77364194
1271.7,1285.1,1263.7,1280.5,1669906800,359.25688354
1272.8,1274.7,1266.2,1271.5,1669910400,110.79585535
1275.3,1275.8,1268.8,1272.3,1669914000,227.35228874
1274.3,1278.6,1272.2,1275.0,1669917600,173.99026203
1275.8,1279.2,1272.7,1274.9,1669921200,709.63255083
1271.8,1279.1,1271.8,1275.8,1669924800,642.48272086
1276.8,1277.9,1266.9,1271.8,1669928400,229.44038123
1278.3,1281.9,1274.8,1275.9,1669932000,42.99151580
1276.5,1278.8,1273.6,1278.3,1669935600,153.81031685
1283.7,1283.7,1274.4,1276.5,1669939200,566.32597148
1272.8,1284.9,1267.1,1284.9,1669942800,585.46709311
1272.3,1275.2,1266.1,1273.0,1669946400,270.15452305
1271.9,1275.3,1271.2,1272.2,1669950000,432.46900528
1273.2,1274.4,1268.3,1271.7,1669953600,87.11812353
1274.0,1275.3,1271.6,1272.5,1669957200,80.02234203
1271.7,1277.1,1271.2,1273.2,1669960800,230.02267382
1275.8,1278.0,1270.9,1272.0,1669964400,237.83453351
1277.3,1279.3,1274.8,1275.3,1669968000,78.65980612
1278.1,1281.2,1276.7,1277.5,1669971600,179.50042400
1280.3,1280.3,1278.0,1278.9,1669975200,64.53301698
1289.2,1294.5,1279.7,1281.7,1669978800,368.30713823
1291.5,1294.3,1287.1,1289.0,1669982400,120.27158483
1277.4,1296.3,1264.9,1292.3,1669986000,1690.76487970
1278.8,1283.3,1272.4,1277.1,1669989600,378.71786126
1279.4,1285.9,1278.7,1280.1,1669993200,126.77812300
1278.7,1279.3,1274.6,1278.7,1669996800,193.93880996
1280.1,1283.2,1277.9,1278.4,1670000400,175.74175736
1282.4,1284.1,1279.2,1280.0,1670004000,107.15023315
1287.8,1288.2,1280.1,1282.2,1670007600,73.80459588
1291.7,1293.0,1287.0,1287.7,1670011200,207.99469315
1291.3,1296.8,1290.9,1292.0,1670014800,2043.47339991
1291.3,1294.7,1290.7,1291.4,1670018400,457.30360561
1296.0,1296.6,1290.4,1291.5,1670022000,977.65479571
1291.8,1306.3,1289.2,1296.3,1670025600,381.30142647
1289.0,1292.1,1287.2,1292.1,1670029200,172.87032898
1287.5,1289.3,1285.1,1289.3,1670032800,127.31787917
1286.3,1287.5,1283.7,1287.5,1670036400,59.67052819
1287.8,1289.5,1285.1,1286.2,1670040000,85.71007265
1289.1,1290.9,1287.6,1287.6,1670043600,22.98847490
1285.4,1289.4,1283.0,1289.1,1670047200,49.22311174
1276.5,1285.7,1273.9,1285.3,1670050800,93.71346082
1269.4,1277.7,1268.9,1276.0,1670054400,46.69465363
1273.4,1274.0,1267.1,1268.5,1670058000,37.11292132
1271.4,1273.6,1270.0,1273.4,1670061600,9.44928710
1269.6,1270.5,1261.0,1270.0,1670065200,72.98944030
1272.1,1272.3,1269.3,1269.9,1670068800,529.08486963
1271.6,1273.3,1270.8,1272.2,1670072400,173.70467665
1268.8,1272.3,1267.5,1271.5,1670076000,89.15265730
1271.7,1274.5,1270.2,1270.2,1670079600,32.25756307
1268.0,1271.8,1268.0,1271.7,1670083200,155.91922347
1271.1,1271.3,1265.2,1267.0,1670086800,30.31001582
1270.3,1272.0,1268.3,1271.1,1670090400,39.34700545
1266.6,1270.8,1263.7,1270.4,1670094000,34.02958957
1264.7,1267.0,1261.6,1266.4,1670097600,62.95828323
1261.3,1264.8,1254.2,1264.8,1670101200,300.23216920
1242.2,1261.2,1236.5,1261.2,1670104800,298.72140126
1241.3,1243.1,1237.7,1240.7,1670108400,110.42338019
1251.1,1253.1,1240.6,1240.6,1670112000,122.71361504
1256.8,1263.4,1249.3,1251.5,1670115600,149.22217250
1260.1,1260.8,1254.5,1256.7,1670119200,35.04779067
1257.0,1260.5,1256.1,1260.4,1670122800,55.13289831
1262.4,1266.3,1259.1,1259.1,1670126400,104.08732415
1260.4,1265.4,1259.4,1263.3,1670130000,154.10993211
1257.2,1261.4,1256.8,1260.4,1670133600,82.44506702
1257.4,1258.2,1254.4,1257.9,1670137200,85.65215563
1259.2,1263.0,1253.9,1257.3,1670140800,154.27621876
1258.3,1261.4,1258.1,1258.9,1670144400,93.11034219
1258.6,1260.0,1256.4,1257.5,1670148000,32.76333354
1254.9,1258.7,1252.5,1258.3,1670151600,147.95707582
1257.5,1257.7,1249.5,1255.0,1670155200,64.75413198
1254.6,1257.6,1251.7,1257.6,1670158800,59.25810696
1259.2,1261.2,1251.2,1255.0,1670162400,220.72280716
1260.3,1262.1,1257.2,1259.8,1670166000,122.39516908
1259.4,1265.2,1258.0,1262.3,1670169600,141.71593424
1268.3,1269.5,1257.0,1259.2,1670173200,42.79234774
1273.0,1278.3,1267.7,1272.0,1670176800,351.54513074
1278.9,1281.5,1270.5,1273.7,1670180400,377.43412824
1277.5,1282.5,1277.2,1278.4,1670184000,90.68039170
1277.3,1278.1,1275.0,1278.0,1670187600,115.57968156
1276.0,1277.0,1273.1,1276.9,1670191200,35.22355644
1279.6,1286.2,1275.6,1277.1,1670194800,233.04970965
1288.7,1293.8,1277.3,1278.6,1670198400,210.70938354
1290.9,1292.1,1287.4,1289.9,1670202000,62.77354832
1292.8,1297.5,1289.8,1291.1,1670205600,297.13536043
1291.3,1297.5,1290.8,1293.3,1670209200,86.27304295
1301.6,1303.0,1290.1,1291.4,1670212800,188.73482868
1297.6,1304.0,1295.8,1301.3,1670216400,72.84191725
1296.4,1298.5,1295.0,1298.5,1670220000,96.81929318
1297.3,1300.2,1294.3,1296.5,1670223600,100.92008751
1301.9,1305.4,1296.4,1298.2,1670227200,432.14578554
1294.9,1301.4,1294.9,1300.9,1670230800,340.95422191
1295.9,1297.6,1292.7,1295.4,1670234400,318.50991402
1294.9,1297.0,1294.0,1295.5,1670238000,106.82899078
1290.7,1295.3,1288.0,1295.2,1670241600,165.32938441
1285.9,1292.4,1283.7,1290.8,1670245200,85.75279144
1285.4,1287.9,1282.0,1285.3,1670248800,238.35716176
1266.9,1285.0,1259.9,1285.0,1670252400,381.46144305
1259.4,1269.2,1255.6,1266.8,1670256000,389.32364304
1264.8,1266.0,1253.7,1259.3,1670259600,148.33730023
1262.1,1269.9,1261.5,1264.3,1670263200,3215.42320365
1253.5,1263.0,1247.8,1262.8,1670266800,5369.16392094
1255.3,1257.3,1253.4,1253.4,1670270400,3372.27416890
1259.4,1259.4,1256.2,1256.2,1670274000,92.95038265
1259.3,1260.0,1256.8,1259.5,1670277600,711.28910114
1259.6,1260.0,1255.5,1259.4,1670281200,567.43546874
1266.4,1267.2,1259.6,1259.6,1670284800,208.30205193
1263.8,1270.0,1263.5,1267.4,1670288400,55.45500037
1265.5,1266.8,1263.7,1263.7,1670292000,49.86714521
1262.1,1268.6,1261.6,1265.7,1670295600,136.08258267
1262.0,1262.7,1258.0,1262.7,1670299200,44.57905114
1256.9,1261.4,1256.6,1261.4,1670302800,22.30317103
1260.7,1262.4,1255.2,1256.0,1670306400,80.11716802
1260.6,1262.9,1258.8,1261.1,1670310000,240.35619433
1263.0,1265.0,1256.0,1260.0,1670313600,99.20124124
1256.2,1262.9,1256.1,1262.9,1670317200,46.06019492
1253.0,1257.9,1248.8,1256.0,1670320800,263.27593994
1256.2,1257.2,1243.5,1253.0,1670324400,194.09487362
1257.8,1259.5,1255.4,1256.9,1670328000,19.34409949
1254.2,1261.6,1253.9,1257.6,1670331600,245.10335550
1252.0,1258.9,1250.4,1254.3,1670335200,92.07719419
1254.2,1256.9,1246.4,1251.7,1670338800,154.89692563
1255.4,1259.3,1252.6,1254.8,1670342400,195.81093415
1252.2,1256.7,1249.5,1255.2,1670346000,181.10719695
1249.5,1253.1,1245.1,1251.4,1670349600,215.56648904
1250.0,1250.2,1241.7,1249.8,1670353200,262.34290642
1253.3,1254.5,1247.9,1249.8,1670356800,393.64394952
1256.3,1256.7,1252.0,1253.3,1670360400,61.95115052
1253.2,1256.0,1252.2,1256.0,1670364000,72.02013088
1271.4,1274.2,1253.1,1253.1,1670367600,296.83751812
1269.2,1276.9,1266.8,1271.4,1670371200,241.43534974
1265.2,1270.1,1263.4,1269.1,1670374800,127.25050979
1265.1,1267.6,1264.0,1265.1,1670378400,76.75708554
1262.5,1265.3,1259.9,1265.3,1670382000,60.40174690
1262.7,1264.7,1261.0,1261.9,1670385600,73.63696217
1260.2,1263.2,1259.4,1262.9,1670389200,72.46674369
1249.5,1260.2,1249.1,1259.7,1670392800,98.41618096
1223.0,1251.0,1219.4,1249.4,1670396400,4243.28063725
1228.0,1228.0,1220.9,1222.7,1670400000,990.11694020
1230.5,1230.5,1227.1,1227.9,1670403600,1003.56497171
1230.1,1230.8,1226.0,1230.8,1670407200,84.34643179
1225.4,1230.4,1223.7,1230.4,1670410800,193.71633373
1224.0,1227.2,1221.0,1225.3,1670414400,484.97098251
1233.4,1235.0,1224.3,1224.8,1670418000,1128.99347584
1233.6,1239.2,1231.7,1233.3,1670421600,522.00144172
1234.3,1236.1,1228.2,1233.6,1670425200,220.92869102
1229.4,1235.5,1227.0,1234.4,1670428800,241.75661846
1231.1,1233.1,1228.3,1229.3,1670432400,35.25633367
1229.6,1236.8,1229.3,1231.0,1670436000,286.67354793
1232.3,1233.7,1228.8,1229.5,1670439600,226.21160928
1232.0,1235.1,1230.1,1232.3,1670443200,115.38564222
1232.6,1233.7,1228.9,1233.2,1670446800,142.34249951
1230.5,1232.3,1223.6,1232.3,1670450400,175.72706559
1231.2,1234.7,1229.8,1230.3,1670454000,126.38375842
1227.8,1236.8,1227.8,1231.5,1670457600,46.35477551
1227.2,1230.2,1222.7,1227.2,1670461200,131.55140353
1233.5,1238.1,1226.6,1227.3,1670464800,112.22007024
1231.7,1236.3,1231.1,1233.7,1670468400,67.44693271
1228.8,1232.7,1226.7,1232.0,1670472000,104.05294821
1229.4,1229.7,1226.3,1227.9,1670475600,47.64976556
1228.5,1230.5,1225.5,1229.2,1670479200,573.47157942
1232.3,1235.6,1229.0,1229.1,1670482800,388.11950035
1234.1,1234.5,1231.7,1232.4,1670486400,52.39332687
1229.9,1233.8,1229.4,1233.8,1670490000,269.19843020
1233.5,1235.2,1230.3,1230.3,1670493600,109.55837588
1240.8,1244.4,1228.5,1234.1,1670497200,417.83491678
1239.5,1244.7,1238.5,1240.7,1670500800,165.02160867
1245.0,1245.0,1236.2,1239.8,1670504400,293.11269926
1247.6,1248.1,1241.4,1245.0,1670508000,225.01061815
1249.9,1253.1,1245.6,1247.5,1670511600,193.20853761
1251.2,1253.0,1249.1,1250.3,1670515200,324.84083571
1254.5,1256.1,1249.9,1251.0,1670518800,286.18594022
1287.2,1292.6,1252.3,1254.5,1670522400,670.14546604
1284.3,1290.9,1279.5,1287.2,1670526000,661.92632875
1278.3,1285.7,1276.1,1284.3,1670529600,394.67401304
1278.5,1279.8,1276.6,1279.2,1670533200,70.43187533
1283.8,1286.2,1278.8,1279.0,1670536800,202.72735666
1280.8,1286.3,1279.9,1284.5,1670540400,77.87749414
1277.1,1280.7,1274.0,1280.0,1670544000,117.00620467
1281.6,1289.2,1276.3,1276.9,1670547600,382.36209409
1281.1,1284.5,1279.3,1282.3,1670551200,95.42459004
1284.0,1285.5,1281.1,1281.1,1670554800,109.09080253
1283.7,1285.5,1281.4,1284.5,1670558400,26.81938711
1280.9,1283.9,1280.4,1283.6,1670562000,41.12752232
1279.4,1280.9,1277.4,1280.8,1670565600,81.04172100
1282.8,1283.6,1279.5,1279.6,1670569200,65.91057500
1279.6,1283.0,1278.9,1282.7,1670572800,180.34734481
1284.8,1288.3,1279.6,1279.9,1670576400,186.72446331
1284.3,1292.0,1282.2,1285.0,1670580000,186.01351012
1288.0,1291.0,1283.3,1285.0,1670583600,112.37297547
1286.2,1296.1,1279.1,1288.5,1670587200,234.68622565
1275.1,1286.4,1261.2,1286.2,1670590800,581.15769625
1272.9,1275.3,1266.6,1274.9,1670594400,163.94059488
1277.3,1277.5,1272.4,1273.4,1670598000,272.03694005
1275.2,1277.9,1274.7,1277.5,1670601600,69.05047734
1274.0,1275.8,1272.3,1275.6,1670605200,87.42234051
1269.2,1274.0,1266.5,1274.0,1670608800,284.88871584
1268.8,1269.3,1263.6,1268.9,1670612400,198.78238848
1262.9,1269.5,1261.4,1269.0,1670616000,337.17202503
1260.3,1263.4,1256.1,1262.2,1670619600,239.04618282
1263.8,1264.0,1259.9,1259.9,1670623200,176.59117779
1262.9,1265.3,1261.7,1263.8,1670626800,46.23505361
1264.4,1266.9,1261.7,1263.3,1670630400,42.09618237
1265.8,1268.3,1264.5,1264.5,1670634000,75.73500306
1263.9,1266.3,1262.1,1265.8,1670637600,33.82854890
1265.1,1265.8,1262.5,1263.9,1670641200,61.72220945
1264.5,1266.4,1264.0,1265.6,1670644800,53.17704339
1263.2,1265.4,1263.1,1264.5,1670648400,43.59281360
1265.4,1265.7,1263.1,1263.1,1670652000,67.55191709
1265.0,1266.9,1265.0,1265.3,1670655600,71.32535566
1263.9,1266.4,1263.7,1264.9,1670659200,28.03333076
1265.0,1265.9,1260.0,1263.4,1670662800,39.05918709
1265.5,1266.9,1265.1,1265.7,1670666400,101.41381899
1266.2,1267.6,1264.9,1265.6,1670670000,50.49591590
1266.9,1267.3,1265.4,1266.2,1670673600,43.40393237
1267.5,1271.7,1264.3,1267.2,1670677200,144.81106834
1271.5,1273.8,1267.0,1268.1,1670680800,71.09617551
1279.1,1279.1,1271.2,1271.5,1670684400,96.16248235
1274.0,1281.3,1273.6,1277.8,1670688000,85.08253531
1267.7,1275.5,1266.5,1274.0,1670691600,126.05500130
1272.5,1272.7,1267.3,1267.4,1670695200,100.88718537
1272.2,1274.3,1270.5,1272.6,1670698800,71.47286271
1273.2,1273.6,1271.0,1271.7,1670702400,19.59499068
1268.1,1273.4,1268.1,1273.2,1670706000,15.42047126
1268.8,1270.4,1267.3,1267.9,1670709600,15.85609932
1266.7,1270.9,1262.5,1268.8,1670713200,160.44303004
1268.5,1269.1,1265.6,1266.6,1670716800,45.02414135
1271.6,1271.6,1268.2,1268.5,1670720400,71.91251245
1270.4,1271.6,1270.3,1271.6,1670724000,37.88196968
1273.4,1273.4,1269.8,1270.4,1670727600,109.48087118
1273.7,1274.2,1272.8,1273.3,1670731200,33.24822590
1275.7,1277.9,1272.9,1273.9,1670734800,59.24808669
1274.2,1277.9,1274.2,1275.7,1670738400,51.07199089
1276.7,1277.1,1273.2,1274.3,1670742000,74.96608313
1274.5,1277.3,1273.3,1276.8,1670745600,159.39224775
1271.7,1274.6,1270.9,1274.5,1670749200,45.71322474
1273.5,1273.7,1270.9,1271.6,1670752800,14.91401849
1273.3,1273.3,1271.3,1272.5,1670756400,2.37120783
1274.9,1275.1,1271.7,1273.4,1670760000,55.44183272
1272.8,1275.6,1271.3,1274.9,1670763600,14.54228562
1272.4,1272.7,1269.2,1272.7,1670767200,70.01067015
1273.4,1274.2,1271.8,1272.4,1670770800,70.47540250
1274.1,1274.9,1271.1,1273.7,1670774400,109.98613450
1274.3,1276.1,1273.4,1274.0,1670778000,31.70561276
1279.0,1279.7,1273.5,1274.3,1670781600,65.53613914
1274.3,1284.0,1272.2,1280.0,1670785200,160.33256349
1265.9,1274.0,1263.1,1274.0,1670788800,101.34936075
1265.2,1269.2,1263.9,1264.1,1670792400,35.18450480
1262.6,1266.8,1256.8,1265.0,1670796000,161.95492848
1263.6,1267.1,1261.5,1262.4,1670799600,73.60853864
1253.9,1263.2,1251.5,1263.2,1670803200,96.57901595
1257.7,1258.0,1252.4,1253.3,1670806800,51.92739015
1243.8,1257.3,1243.2,1257.1,1670810400,149.27092358
1243.6,1246.4,1241.7,1241.7,1670814000,79.75388012
1246.4,1246.5,1240.8,1243.2,1670817600,92.70409431
1247.6,1247.6,1244.7,1246.4,1670821200,12.93299666
1246.5,1247.7,1246.0,1247.7,1670824800,8.85600542
1246.4,1248.0,1244.8,1247.4,1670828400,268.77586466
1248.4,1248.6,1242.4,1246.0,1670832000,98.07521075
1252.7,1254.0,1248.1,1248.1,1670835600,113.37358247
1255.5,1257.0,1251.4,1252.6,1670839200,52.54777080
1254.4,1255.5,1253.0,1255.5,1670842800,73.89388441
1248.2,1255.9,1244.7,1254.4,1670846400,178.39085227
1246.9,1251.8,1246.8,1249.6,1670850000,258.96758412
1251.1,1253.8,1247.1,1247.1,1670853600,255.44980538
1249.4,1253.1,1249.1,1251.5,1670857200,215.35960611
1251.4,1253.5,1249.4,1249.5,1670860800,87.77144976
1254.1,1254.9,1251.1,1251.4,1670864400,118.24155432
1254.8,1256.0,1252.5,1255.0,1670868000,40.29886147
1254.5,1255.8,1252.1,1254.9,1670871600,142.81613930
1266.4,1266.4,1254.3,1254.6,1670875200,249.53143966
1275.2,1279.0,1266.4,1267.9,1670878800,496.62283889
1272.5,1276.5,1271.4,1275.2,1670882400,376.31420358
1274.7,1277.4,1271.8,1272.5,1670886000,316.55996506
1270.7,1278.5,1270.0,1276.2,1670889600,45.64022770
1267.7,1271.8,1266.3,1270.7,1670893200,102.41536668
1270.8,1270.9,1266.2,1267.6,1670896800,46.08488014
1269.3,1272.3,1268.9,1271.2,1670900400,140.25358831
1272.6,1274.7,1267.8,1269.6,1670904000,71.33131837
1272.6,1274.0,1271.3,1272.7,1670907600,156.38606800
1267.8,1275.2,1267.1,1272.5,1670911200,284.62332803
1267.0,1268.3,1255.9,1266.8,1670914800,462.47789789
1265.5,1270.4,1264.6,1267.5,1670918400,295.34755282
1278.7,1282.5,1265.1,1265.3,1670922000,377.95211483
1279.8,1288.5,1275.2,1279.5,1670925600,486.74729389
1287.2,1290.0,1280.0,1280.3,1670929200,761.40017106
1290.0,1299.0,1287.2,1287.2,1670932800,682.48115898
1338.5,1350.0,1288.1,1290.0,1670936400,1874.79395654
1332.7,1344.5,1332.1,1338.6,1670940000,6923.21969697
1323.2,1336.3,1322.3,1332.7,1670943600,569.47853333
1321.1,1328.0,1317.5,1324.9,1670947200,280.75531059
1306.2,1326.8,1304.2,1320.3,1670950800,1457.65234307
1315.5,1318.6,1304.6,1306.1,1670954400,608.47736187
1316.4,1320.4,1314.1,1315.3,1670958000,330.40840207
1317.8,1319.6,1311.6,1314.7,1670961600,232.83777460
1320.3,1321.1,1316.2,1318.2,1670965200,274.86919040
1318.9,1320.6,1315.0,1318.4,1670968800,317.17246121
1320.5,1322.5,1318.8,1319.6,1670972400,76.65988053
1324.7,1325.7,1317.4,1320.3,1670976000,532.18531573
1321.1,1325.5,1319.6,1325.5,1670979600,113.93138729
1319.2,1321.9,1317.1,1320.4,1670983200,1061.21640495
1319.7,1324.2,1319.4,1319.6,1670986800,259.99718878
1318.6,1320.5,1318.1,1319.9,1670990400,50.61869406
1320.8,1320.8,1316.6,1318.7,1670994000,69.00387786
1322.4,1322.6,1318.8,1320.9,1670997600,268.81242799
1322.6,1324.6,1321.6,1322.0,1671001200,71.40120696
1323.7,1326.1,1321.3,1322.0,1671004800,210.27729817
1321.7,1324.2,1319.4,1323.5,1671008400,343.13371377
1323.3,1324.1,1320.3,1322.2,1671012000,298.37407389
1326.4,1329.0,1323.3,1323.3,1671015600,250.94897699
1332.2,1332.8,1325.9,1326.2,1671019200,248.08470054
1327.7,1333.8,1325.0,1332.5,1671022800,1054.65411033
1340.8,1342.0,1326.8,1327.9,1671026400,434.09875834
1338.7,1344.2,1336.0,1341.0,1671030000,744.74856153
1336.3,1341.1,1334.5,1338.9,1671033600,278.41780114
1335.5,1338.4,1333.4,1336.1,1671037200,292.48391146
1333.8,1352.2,1318.0,1335.1,1671040800,1249.43517860
1306.9,1341.7,1300.2,1332.4,1671044400,1745.48802827
1309.2,1317.5,1301.1,1306.4,1671048000,1121.25443872
1311.0,1314.0,1308.1,1308.5,1671051600,443.79823905
1311.7,1314.5,1308.7,1311.2,1671055200,145.26784558
1307.3,1311.9,1307.0,1311.9,1671058800,236.14537725
1304.9,1311.2,1304.2,1307.5,1671062400,269.68553626
1287.2,1308.5,1281.7,1304.5,1671066000,674.14654231
1291.6,1291.8,1282.5,1285.8,1671069600,554.95289262
1292.5,1294.0,1291.0,1291.6,1671073200,109.35817633
1291.7,1292.3,1288.8,1292.3,1671076800,119.44485881
1290.8,1293.5,1290.3,1291.7,1671080400,263.22251345
1289.7,1292.2,1289.5,1290.6,1671084000,152.76263107
1287.3,1291.2,1286.9,1289.6,1671087600,318.80303764
1284.0,1289.2,1284.0,1287.9,1671091200,209.35175314
1288.2,1288.2,1283.2,1283.8,1671094800,284.09214561
1287.1,1288.6,1285.1,1288.3,1671098400,98.59312502
1291.5,1291.5,1284.7,1286.6,1671102000,158.95681254
1286.6,1290.8,1285.5,1290.7,1671105600,192.31379600
1275.6,1286.9,1272.3,1286.5,1671109200,863.41475690
1269.6,1277.4,1263.6,1275.3,1671112800,692.13086990
1269.3,1273.7,1265.6,1269.3,1671116400,3672.71074353
1270.0,1271.3,1266.1,1269.9,1671120000,522.59503446
1270.0,1273.2,1268.8,1269.8,1671123600,163.69774488
1272.0,1272.0,1265.5,1270.0,1671127200,217.25409446
1275.5,1276.1,1271.1,1272.5,1671130800,529.63770932
1271.5,1275.9,1271.3,1275.3,1671134400,124.78980158
1264.7,1272.3,1260.5,1271.6,1671138000,288.92462168
1263.3,1265.1,1260.6,1264.4,1671141600,263.66244757
1266.4,1266.9,1259.2,1263.8,1671145200,328.48358941
1273.3,1273.3,1266.1,1266.8,1671148800,249.67433808
1268.0,1273.4,1268.0,1273.3,1671152400,254.88517000
1270.0,1272.7,1267.9,1268.0,1671156000,327.39453946
1271.9,1272.3,1270.0,1270.4,1671159600,115.06301457
1269.9,1272.0,1269.8,1272.0,1671163200,67.63524447
1271.1,1271.2,1267.8,1269.8,1671166800,132.11462838
1271.4,1271.4,1267.6,1271.2,1671170400,167.84513949
1277.8,1279.5,1271.3,1271.4,1671174000,253.24850924
1246.2,1279.0,1241.6,1278.1,1671177600,651.86012626
1213.2,1244.8,1206.3,1244.8,1671181200,4458.89605871
1209.4,1213.7,1206.6,1213.2,1671184800,1351.35323809
1213.2,1214.3,1208.6,1208.9,1671188400,292.13040447
1213.9,1213.9,1210.1,1213.1,1671192000,365.02474612
1207.9,1213.8,1206.7,1213.8,1671195600,429.13234811
1215.4,1218.3,1196.7,1208.2,1671199200,948.65638788
1204.0,1214.7,1198.9,1214.7,1671202800,904.64820777
1188.3,1204.3,1182.7,1204.1,1671206400,2791.62420256
1193.5,1196.1,1188.1,1188.1,1671210000,1574.43979824
1197.3,1199.4,1193.1,1194.1,1671213600,338.63636710
1202.4,1204.4,1193.6,1196.4,1671217200,463.61416826
1206.0,1210.8,1199.6,1202.4,1671220800,805.60300046
1194.8,1205.3,1193.3,1205.3,1671224400,438.50198621
1179.6,1197.5,1170.5,1195.0,1671228000,397.87433751
1167.3,1181.4,1156.6,1181.4,1671231600,1491.42048778
1173.0,1175.4,1164.8,1166.7,1671235200,263.05832268
1169.9,1175.6,1168.6,1173.0,1671238800,180.32189680
1173.3,1174.7,1162.3,1170.0,1671242400,411.84096183
1176.0,1179.5,1172.0,1174.6,1671246000,185.96813459
1180.5,1181.7,1174.2,1176.0,1671249600,246.93657783
1178.0,1180.8,1177.4,1180.8,1671253200,52.47509466
1181.3,1185.5,1174.3,1177.5,1671256800,218.90163964
1183.8,1183.8,1178.3,1181.6,1671260400,358.66258687
1180.7,1184.9,1179.7,1184.0,1671264000,328.51174534
1177.4,1182.3,1175.1,1180.5,1671267600,270.14755236
1185.1,1186.4,1175.4,1177.3,1671271200,207.68036767
1180.4,1188.1,1179.3,1185.1,1671274800,171.64622363
1179.7,1182.9,1178.2,1181.2,1671278400,144.06369241
1177.9,1180.6,1176.0,1179.6,1671282000,175.49396653
1177.8,1182.9,1177.1,1178.1,1671285600,113.92867988
1180.2,1181.9,1175.0,1177.8,1671289200,207.76487924
1178.7,1180.2,1176.2,1180.2,1671292800,101.35065994
1174.6,1179.0,1171.9,1179.0,1671296400,132.36928430
1177.6,1179.4,1173.6,1174.6,1671300000,216.74145789
1177.1,1180.0,1176.2,1177.6,1671303600,85.92778076
1178.0,1179.1,1175.9,1177.0,1671307200,82.69919603
1179.3,1181.7,1177.2,1178.0,1671310800,85.09563877
1185.5,1187.3,1176.4,1178.7,1671314400,101.79797935
1187.6,1189.7,1183.1,1186.6,1671318000,101.42740338
1184.8,1188.8,1183.4,1188.0,1671321600,85.88340891
1182.6,1185.3,1181.0,1185.0,1671325200,93.54685901
1186.7,1186.8,1182.2,1182.2,1671328800,77.97252429
1187.2,1187.2,1185.8,1186.7,1671332400,26.97339855
1191.5,1196.4,1187.8,1187.9,1671336000,217.72819688
1187.6,1191.9,1187.3,1191.8,1671339600,71.70163087
1185.8,1187.4,1183.6,1187.4,1671343200,75.81630632
1187.0,1187.7,1185.9,1185.9,1671346800,109.89110839
1187.3,1188.4,1186.3,1186.7,1671350400,54.23973455
1178.3,1187.6,1173.2,1187.5,1671354000,293.40025092
1180.6,1181.8,1177.9,1178.3,1671357600,36.82213575
1182.5,1184.2,1180.6,1180.7,1671361200,139.97848524
1181.7,1183.7,1181.2,1182.5,1671364800,101.44604897
1178.9,1181.7,1178.6,1181.7,1671368400,60.77527597
1175.2,1179.7,1174.4,1178.9,1671372000,43.21468654
1174.9,1176.2,1173.7,1175.1,1671375600,66.98849942
1178.0,1178.4,1174.4,1174.6,1671379200,56.84810190
1178.5,1178.5,1176.6,1178.2,1671382800,23.31245046
1179.6,1190.7,1176.2,1178.5,1671386400,192.44127740
1183.7,1183.8,1178.2,1179.9,1671390000,78.05088634
1184.9,1186.6,1182.7,1183.5,1671393600,245.95193525
1182.5,1186.9,1181.4,1186.1,1671397200,89.72794690
1187.7,1194.1,1182.4,1182.4,1671400800,150.11620513
1183.1,1193.9,1181.8,1188.4,1671404400,117.44650789
1189.6,1194.0,1181.9,1183.8,1671408000,265.61779074
1190.3,1194.8,1187.1,1189.5,1671411600,102.09921729
1184.2,1190.6,1182.2,1190.6,1671415200,176.47834380
1179.8,1184.2,1174.5,1184.2,1671418800,266.45988843
1182.2,1184.5,1178.7,1179.6,1671422400,153.89480342
1178.7,1182.8,1178.0,1182.5,1671426000,85.22604502
1182.3,1182.5,1178.5,1179.0,1671429600,91.66411663
1180.5,1182.5,1178.0,1182.0,1671433200,144.88457785
1183.7,1184.2,1179.7,1180.1,1671436800,248.19129864
1184.1,1185.9,1182.9,1183.8,1671440400,262.10360381
1186.2,1188.2,1183.6,1184.8,1671444000,390.26956384
1183.4,1186.5,1182.4,1186.3,1671447600,253.29459793
1186.8,1188.3,1182.6,1183.3,1671451200,315.25534529
1182.7,1188.2,1182.5,1186.5,1671454800,165.28126600
1186.3,1189.3,1178.1,1182.6,1671458400,520.73601420
1179.1,1188.1,1179.1,1185.9,1671462000,1024.66716700
1175.8,1180.5,1171.2,1179.0,1671465600,498.65440160
1173.2,1176.6,1164.3,1175.7,1671469200,1463.21066698
1168.9,1177.5,1167.7,1173.3,1671472800,146.20119767
1170.3,1174.4,1167.7,1168.5,1671476400,245.00661892
1176.3,1176.8,1168.4,1170.5,1671480000,97.64670644
1175.7,1180.9,1174.9,1176.0,1671483600,189.15430595
1162.7,1175.9,1150.6,1175.2,1671487200,584.95984691
1167.7,1169.5,1162.0,1162.7,1671490800,172.34934793
1172.3,1174.4,1163.4,1167.9,1671494400,386.05595440
1185.4,1191.5,1172.0,1172.6,1671498000,344.46265034
1192.5,1197.0,1183.7,1185.9,1671501600,237.28734465
1192.5,1198.5,1188.5,1192.8,1671505200,347.63980496
1208.8,1213.7,1190.7,1192.5,1671508800,415.26407308
1208.6,1210.3,1204.4,1209.3,1671512400,181.82508733
1213.1,1213.6,1205.9,1208.7,1671516000,173.11927038
1208.5,1212.6,1206.5,1212.3,1671519600,165.33539446
1210.8,1211.8,1206.0,1208.8,1671523200,315.86662600
1211.3,1211.7,1208.2,1211.4,1671526800,145.43561630
1208.2,1211.3,1208.1,1211.1,1671530400,65.79092524
1212.5,1218.5,1207.7,1208.8,1671534000,255.13587733
1213.6,1216.6,1212.3,1212.5,1671537600,300.57601209
1210.9,1214.7,1209.8,1213.9,1671541200,273.98597177
1218.6,1223.5,1204.2,1210.9,1671544800,517.87469661
1217.7,1230.2,1213.5,1221.0,1671548400,947.76272064
1213.0,1218.4,1205.3,1217.0,1671552000,303.08665154
1211.9,1213.5,1209.1,1212.7,1671555600,66.55724708
1214.7,1217.6,1209.7,1212.7,1671559200,145.93018946
1216.7,1218.3,1214.3,1215.6,1671562800,117.52020281
1213.0,1219.8,1211.8,1216.7,1671566400,269.93098137
1216.1,1216.7,1211.5,1212.8,1671570000,313.04023111
1215.6,1217.4,1214.0,1216.0,1671573600,223.38199555
1216.9,1220.8,1215.4,1215.4,1671577200,245.20808623
1209.8,1218.8,1206.9,1217.1,1671580800,309.96778463
1212.4,1213.2,1207.8,1208.5,1671584400,247.19644028
1210.4,1212.8,1209.2,1212.0,1671588000,184.56961781
1210.2,1210.8,1206.1,1210.4,1671591600,293.86575991
1207.3,1210.4,1206.0,1210.2,1671595200,274.02284624
1210.9,1212.4,1202.3,1205.6,1671598800,461.84323296
1211.4,1213.0,1210.1,1210.8,1671602400,188.84981645
1210.9,1213.7,1210.6,1211.3,1671606000,97.25069438
1215.7,1218.5,1207.6,1210.4,1671609600,238.55013641
1215.6,1217.2,1213.9,1215.7,1671613200,244.36173471
1216.7,1219.0,1214.3,1215.5,1671616800,386.91870190
1217.0,1217.6,1214.0,1216.8,1671620400,144.15312730
1213.2,1217.0,1213.0,1216.9,1671624000,153.13843005
1214.5,1216.1,1209.7,1213.2,1671627600,163.39203709
1211.2,1221.7,1206.8,1215.1,1671631200,610.77335000
1215.6,1216.0,1209.0,1211.0,1671634800,369.56274559
1209.2,1215.8,1209.2,1215.6,1671638400,285.61926332
1211.1,1211.4,1207.1,1208.9,1671642000,219.44667610
1209.7,1212.7,1209.0,1211.2,1671645600,105.18573131
1208.5,1211.3,1206.7,1209.7,1671649200,232.68531623
1209.6,1209.8,1207.0,1208.5,1671652800,736.40533867
1211.8,1212.0,1207.8,1209.5,1671656400,875.08470609
1209.8,1211.9,1209.7,1211.7,1671660000,72.43094978
1214.0,1214.8,1208.5,1209.4,1671663600,151.58308993
1217.0,1217.3,1212.2,1213.5,1671667200,238.50412965
1212.6,1217.9,1212.6,1217.0,1671670800,164.76959035
1214.5,1214.7,1211.8,1212.6,1671674400,78.07941445
1214.9,1215.6,1213.6,1214.6,1671678000,124.29720969
1212.0,1215.1,1211.3,1214.9,1671681600,90.32585908
1210.9,1212.2,1210.2,1211.9,1671685200,132.83673943
1211.1,1212.1,1210.2,1210.9,1671688800,104.70127595
1213.9,1213.9,1209.8,1210.9,1671692400,124.76831850
1215.4,1218.9,1212.5,1214.0,1671696000,193.12815107
1218.4,1221.0,1214.4,1215.5,1671699600,286.58166776
1217.3,1220.6,1217.0,1218.5,1671703200,103.11130106
1217.4,1219.7,1215.2,1217.0,1671706800,115.96474857
1215.1,1218.7,1215.1,1217.7,1671710400,101.71398614
1210.4,1216.3,1208.0,1215.2,1671714000,778.32890225
1192.0,1211.3,1190.2,1210.2,1671717600,1465.09703745
1187.1,1191.2,1184.5,1191.2,1671721200,632.66018089
1190.8,1191.2,1185.3,1185.7,1671724800,455.56168321
1187.2,1191.5,1182.4,1190.8,1671728400,245.11891718
1188.9,1191.0,1185.9,1187.3,1671732000,134.94864854
1195.0,1196.1,1188.9,1189.5,1671735600,275.24826029
1217.5,1236.6,1194.4,1195.2,1671739200,933.40389819
1215.0,1218.1,1213.5,1217.9,1671742800,984.53752133
1215.5,1218.9,1213.2,1214.9,1671746400,148.19996769
1218.0,1218.4,1215.2,1215.4,1671750000,98.03829709
1215.3,1218.6,1214.7,1218.1,1671753600,77.58218156
1217.0,1217.0,1214.9,1215.2,1671757200,112.95696215
1224.5,1227.7,1215.6,1217.1,1671760800,168.32325339
1223.8,1229.1,1222.3,1225.0,1671764400,122.53252210
1223.4,1224.0,1221.1,1224.0,1671768000,68.04209494
1221.1,1224.9,1220.3,1223.1,1671771600,39.31020693
1221.3,1222.8,1219.8,1221.1,1671775200,99.17672657
1221.8,1222.6,1221.0,1221.3,1671778800,114.03804465
1218.2,1222.0,1215.9,1221.9,1671782400,133.98536752
1219.6,1219.6,1216.9,1219.2,1671786000,89.58572307
1224.3,1226.4,1219.0,1219.6,1671789600,251.29691491
1222.7,1224.6,1221.6,1224.1,1671793200,275.98658884
1224.4,1224.7,1221.2,1222.7,1671796800,211.92021897
1220.4,1230.1,1213.2,1224.3,1671800400,1178.17787275
1215.2,1221.7,1212.6,1220.7,1671804000,173.60566836
1219.3,1224.1,1214.3,1215.4,1671807600,214.68931564
1217.7,1219.7,1216.5,1219.1,1671811200,66.02554225
1218.9,1219.7,1216.6,1217.6,1671814800,41.89506557
1218.6,1221.0,1217.8,1218.8,1671818400,44.96463770
1220.1,1220.6,1217.5,1218.5,1671822000,68.26572408
1219.5,1221.0,1218.3,1220.1,1671825600,73.04317966
1222.1,1222.5,1218.2,1219.8,1671829200,154.90603607
1218.3,1221.7,1218.0,1221.7,1671832800,24.93767849
1220.3,1220.8,1218.5,1218.5,1671836400,85.42400593
1219.4,1221.3,1219.4,1220.3,1671840000,57.76835964
1216.5,1219.7,1216.0,1219.4,1671843600,83.72981782
1216.7,1217.4,1215.8,1215.8,1671847200,27.62077351
1218.9,1219.0,1216.5,1216.7,1671850800,80.90447796
1217.1,1219.1,1217.1,1219.0,1671854400,77.29587116
1216.9,1217.2,1214.9,1217.1,1671858000,174.09841935
1216.9,1216.9,1214.6,1216.7,1671861600,82.17014586
1220.5,1220.7,1216.9,1216.9,1671865200,142.62204717
1218.5,1220.8,1218.1,1220.5,1671868800,61.07522805
1218.5,1218.9,1216.7,1218.3,1671872400,46.86103836
1218.0,1218.5,1217.9,1218.3,1671876000,39.95876456
1219.6,1220.0,1218.1,1218.1,1671879600,29.03739526
1218.1,1219.5,1218.1,1219.5,1671883200,47.18992270
1218.1,1219.1,1217.7,1217.7,1671886800,33.42297877
1218.6,1219.4,1217.8,1218.1,1671890400,80.31796305
1219.1,1219.3,1218.0,1218.3,1671894000,64.31254178
1218.9,1219.2,1217.9,1219.1,1671897600,31.63551923
1219.8,1220.0,1218.6,1218.8,1671901200,36.44427032
1221.8,1221.9,1219.7,1220.4,1671904800,36.10677846
1223.7,1227.3,1222.0,1222.9,1671908400,153.34146836
1221.8,1223.9,1221.6,1223.6,1671912000,66.35506617
1218.9,1222.5,1218.6,1221.6,1671915600,79.05427822
1218.6,1220.0,1217.8,1218.7,1671919200,39.37539190
1220.5,1221.8,1218.2,1218.4,1671922800,68.26365610
1221.3,1221.4,1219.7,1220.5,1671926400,50.67570495
1221.9,1223.7,1221.3,1221.3,1671930000,46.60588420
1220.2,1222.1,1219.9,1221.9,1671933600,54.46532994
1221.4,1222.1,1220.2,1220.2,1671937200,59.74138337
1219.7,1221.3,1218.9,1221.2,1671940800,39.23656602
1218.7,1219.4,1215.6,1218.9,1671944400,65.24570731
1219.3,1219.3,1218.0,1218.7,1671948000,67.73069341
1219.9,1220.9,1218.4,1219.1,1671951600,51.26269368
1220.2,1220.5,1219.8,1219.8,1671955200,36.56766856
1221.2,1221.9,1220.3,1220.4,1671958800,63.41840685
1218.9,1221.2,1218.2,1221.2,1671962400,69.21535220
1217.8,1219.4,1217.5,1217.9,1671966000,94.35888450
1218.4,1219.2,1217.1,1217.8,1671969600,9.08508651
1218.2,1219.1,1217.5,1218.6,1671973200,14.57461689
1214.3,1218.3,1197.7,1218.2,1671976800,522.74472572
1211.0,1217.3,1209.4,1213.4,1671980400,159.04185707
1211.6,1212.2,1208.1,1210.5,1671984000,105.65329800
1209.4,1212.0,1209.1,1211.4,1671987600,51.40932248
1209.0,1210.3,1208.2,1209.0,1671991200,38.29188618
1209.0,1209.2,1196.5,1209.0,1671994800,284.13480856
1206.4,1208.6,1204.3,1208.6,1671998400,267.01159734
1218.6,1223.6,1206.1,1206.4,1672002000,200.58819612
1217.3,1222.1,1216.0,1219.3,1672005600,97.12244011
1218.1,1218.9,1215.9,1216.9,1672009200,111.26517745
1218.3,1219.3,1216.6,1218.5,1672012800,71.84339047
1221.1,1221.9,1217.7,1218.6,1672016400,104.74541927
1221.7,1223.7,1219.8,1221.7,1672020000,107.63862518
1220.7,1223.1,1219.5,1221.8,1672023600,136.95364434
1220.4,1222.7,1219.4,1221.6,1672027200,49.99856230
1219.8,1222.2,1219.7,1220.4,1672030800,67.05237718
1218.9,1220.4,1218.3,1219.9,1672034400,38.40261330
1221.0,1221.3,1218.9,1219.2,1672038000,61.52179779
1219.5,1221.2,1218.5,1220.9,1672041600,45.90997927
1219.9,1220.7,1218.9,1219.5,1672045200,74.58547284
1219.7,1222.9,1219.0,1219.2,1672048800,137.80667714
1220.0,1221.0,1218.5,1218.8,1672052400,28.32766971
1219.7,1220.6,1219.3,1220.6,1672056000,24.51069954
1215.7,1219.4,1211.6,1219.4,1672059600,434.70591015
1216.5,1217.1,1214.4,1215.5,1672063200,107.35857895
1215.2,1216.7,1213.7,1216.7,1672066800,113.44686793
1216.7,1217.1,1213.7,1215.1,1672070400,103.64801407
1214.7,1216.8,1214.1,1216.8,1672074000,80.45221913
1213.7,1215.1,1212.9,1214.8,1672077600,172.60368042
1217.4,1220.1,1213.4,1213.4,1672081200,214.51155325
1217.1,1218.2,1216.2,1217.8,1672084800,111.58054866
1216.9,1219.1,1216.3,1217.1,1672088400,109.64721670
1218.6,1218.9,1216.2,1216.7,1672092000,46.66271866
1227.7,1230.8,1216.6,1219.4,1672095600,511.31761817
1224.3,1233.6,1222.0,1228.0,1672099200,555.99874240
1223.2,1226.2,1221.9,1225.1,1672102800,126.03262926
1224.6,1225.3,1223.2,1223.2,1672106400,72.19450646
1223.4,1224.7,1222.0,1224.6,1672110000,52.37664070
1224.1,1224.1,1222.4,1223.4,1672113600,52.61639103
1222.7,1224.5,1222.5,1224.1,1672117200,71.97431527
1224.1,1224.2,1221.8,1222.8,1672120800,42.98433975
1222.1,1224.0,1220.9,1223.9,1672124400,135.47873732
1216.8,1222.3,1216.0,1222.3,1672128000,224.42722358
1222.0,1222.0,1216.4,1216.6,1672131600,129.78010031
1221.1,1223.3,1220.1,1222.0,1672135200,112.09323960
1219.4,1221.5,1217.4,1221.2,1672138800,99.70286889
1216.7,1219.3,1215.5,1219.0,1672142400,47.85417821
1217.2,1218.5,1214.5,1216.7,1672146000,65.70636947
1209.5,1218.6,1204.9,1217.2,1672149600,375.55421765
1211.0,1216.8,1206.3,1208.3,1672153200,340.30306428
1209.6,1212.3,1208.7,1210.9,1672156800,270.63187526
1207.0,1211.5,1200.8,1209.7,1672160400,486.42650446
1205.9,1207.5,1204.6,1206.7,1672164000,442.35905816
1210.5,1210.6,1205.0,1205.7,1672167600,173.23253813
1208.8,1211.1,1208.0,1210.3,1672171200,470.41058889
1211.0,1211.0,1207.8,1208.8,1672174800,144.23025767
1210.9,1214.0,1210.2,1210.8,1672178400,93.81046478
1211.0,1213.4,1210.2,1210.8,1672182000,78.50055894
1207.7,1212.7,1205.9,1211.2,1672185600,91.41737148
1209.1,1215.2,1204.5,1207.9,1672189200,204.79932241
1205.7,1210.4,1205.7,1209.0,1672192800,80.75733594
1197.2,1205.9,1187.5,1205.7,1672196400,974.57290116
1197.8,1199.1,1195.8,1197.2,1672200000,329.24501512
1190.5,1197.8,1188.8,1196.8,1672203600,180.09478873
1193.4,1194.2,1189.4,1190.1,1672207200,178.51932010
1194.2,1196.2,1193.6,1193.6,1672210800,77.15128015
1194.9,1196.9,1193.8,1193.8,1672214400,123.37279515
1195.5,1197.6,1193.4,1194.5,1672218000,91.92076075
1196.0,1197.6,1194.3,1195.5,1672221600,187.66173224
1196.1,1197.4,1195.2,1196.1,1672225200,77.80885381
1193.6,1196.8,1193.1,1196.0,1672228800,120.16685136
1194.4,1195.8,1192.3,1193.5,1672232400,239.22259002
1204.1,1207.4,1190.6,1194.6,1672236000,944.03615289
1188.6,1207.4,1186.7,1204.2,1672239600,240.76593387
1192.2,1193.5,1187.9,1188.0,1672243200,197.15173512
1196.1,1196.1,1190.9,1192.2,1672246800,676.10309132
1195.8,1199.8,1195.4,1196.0,1672250400,800.65606872
1192.5,1197.4,1191.7,1195.8,1672254000,145.33789193
1193.8,1194.2,1191.0,1192.4,1672257600,286.27335450
1187.0,1193.8,1181.9,1193.7,1672261200,428.91328462
1185.1,1188.4,1183.4,1186.8,1672264800,157.41404515
1189.5,1190.7,1184.4,1185.5,1672268400,239.98532230
1193.5,1194.6,1188.0,1189.7,1672272000,171.46014182
1190.6,1193.6,1190.3,1193.6,1672275600,189.24223663
1190.6,1191.5,1186.2,1190.6,1672279200,162.50439135
1194.0,1194.2,1189.9,1191.1,1672282800,138.63364156
1195.6,1197.5,1193.2,1194.2,1672286400,361.30040210
1194.5,1195.9,1192.8,1195.2,1672290000,104.59277922
1193.5,1194.7,1192.7,1194.5,1672293600,132.96329776
1194.3,1194.3,1191.6,1193.3,1672297200,106.11528855
1191.5,1195.1,1189.8,1194.5,1672300800,298.15994975
1198.6,1201.8,1191.5,1191.5,1672304400,564.37998524
1198.9,1199.9,1196.4,1199.2,1672308000,41.42921051
1198.1,1201.7,1198.1,1198.9,1672311600,91.33766288
1198.7,1200.5,1197.2,1198.3,1672315200,75.50717968
1200.1,1204.2,1197.8,1198.4,1672318800,302.72160455
1201.4,1204.4,1199.0,1200.1,1672322400,233.27892427
1200.5,1205.6,1200.4,1201.4,1672326000,109.47700785
1200.5,1202.5,1198.2,1200.4,1672329600,75.23313729
1197.2,1200.8,1195.0,1200.5,1672333200,89.05665786
1199.2,1199.4,1195.3,1197.1,1672336800,87.28151946
1197.9,1201.4,1195.6,1199.7,1672340400,243.78345780
1196.1,1198.4,1191.4,1198.0,1672344000,144.82267198
1194.7,1196.4,1193.9,1195.7,1672347600,135.10923774
1197.7,1202.1,1194.2,1194.8,1672351200,83.35851525
1200.2,1203.7,1196.9,1197.8,1672354800,152.10302239
1199.5,1201.7,1198.3,1200.2,1672358400,156.94989239
1196.2,1200.2,1194.9,1199.3,1672362000,215.95911341
1196.6,1199.7,1194.9,1195.4,1672365600,157.48580412
1197.3,1198.6,1195.8,1197.0,1672369200,97.46301006
1197.4,1197.4,1195.7,1196.9,1672372800,92.15766235
1193.4,1196.8,1191.9,1196.8,1672376400,41.03399568
1193.4,1195.0,1192.5,1193.2,1672380000,34.40288762
1188.2,1193.5,1184.4,1193.4,1672383600,457.97575516
1190.8,1191.8,1187.7,1188.2,1672387200,888.00771552
1192.3,1194.4,1190.8,1190.8,1672390800,167.01596768
1190.4,1192.8,1190.4,1192.3,1672394400,57.88785068
1190.0,1192.5,1189.9,1190.5,1672398000,88.43047827
1191.8,1192.9,1188.0,1190.3,1672401600,166.21691057
1190.5,1192.9,1189.6,1191.8,1672405200,176.92881842
1188.8,1193.0,1181.1,1190.5,1672408800,475.36122602
1194.5,1197.9,1186.9,1188.7,1672412400,542.75373530
1194.7,1195.4,1192.0,1194.7,1672416000,361.77639620
1194.7,1195.7,1193.4,1195.0,1672419600,111.22108287
1197.8,1198.0,1193.5,1195.2,1672423200,140.50671429
1194.7,1197.5,1194.5,1197.5,1672426800,258.99370330
1196.5,1196.8,1194.4,1194.7,1672430400,233.81907570
1197.7,1200.8,1197.0,1197.0,1672434000,163.52556854
1197.5,1199.2,1196.9,1198.7,1672437600,47.42850922
1199.3,1199.9,1197.1,1197.4,1672441200,65.76724645
1197.2,1199.8,1196.6,1199.3,1672444800,99.60749054
